residue,count,lane_label,density_in_full_interval,density_among_admissible,is_target_lane
1,100,01,0.03333333333333333,0.125,True
7,100,07,0.03333333333333333,0.125,False
11,100,11,0.03333333333333333,0.125,False
13,100,13,0.03333333333333333,0.125,False
17,100,17,0.03333333333333333,0.125,False
19,100,19,0.03333333333333333,0.125,False
23,100,23,0.03333333333333333,0.125,False
29,100,29,0.03333333333333333,0.125,False
