target_lane,comparison_lane,cosine_similarity
07,01,0.996964974460237
07,07,1.0
07,11,0.9935642310566308
07,13,0.9966470841402368
07,17,0.9934812543828934
07,19,0.9945686625391501
07,23,0.9955516520317637
07,29,0.99763378007512
