leader_lane,leadership_windows,mean_leader_margin
01,16,0.375
07,43,1.255813953488372
11,16,1.3125
13,22,1.6363636363636365
17,23,3.347826086956522
19,24,1.3333333333333333
23,19,2.263157894736842
29,28,1.8571428571428572
