mode,lane17_loading,lane13_loading,reflection_loading_gap_17_13,abs_lane17_loading,explained_variance
1,-0.3711867734052737,-0.3714306976094107,0.00024392420413704707,0.3711867734052737,0.5600001382906096
2,0.5656101446880609,0.18427423852536234,0.3813359061626986,0.5656101446880609,0.09608011207492737
3,-0.5031656728970193,0.18248846730513488,-0.6856541402021542,0.5031656728970193,0.08441563597178331
4,-0.08543027587076535,-0.24496908764092204,0.1595388117701567,0.08543027587076535,0.06895488839549026
5,-0.23835619727841778,0.7660299323332851,-1.004386129611703,0.23835619727841778,0.06361072524004129
6,-0.012686346671712978,0.2601571138476527,-0.2728434605193657,0.012686346671712978,0.052102324781073225
7,-0.37551298061527427,-0.19651400865174845,-0.17899897196352582,0.37551298061527427,0.04406413122123363
8,0.2895632888924232,-0.20412988653752795,0.49369317542995117,0.2895632888924232,0.03077204402484127
