laplacian_community,lanes,mean_weighted_degree,count
A,"01, 13, 17, 29",5.718030107145373,4
B,"07, 11, 19, 23",5.714748238468459,4
