residue,baseline_count,prime_count,lane_label,prime_density_within_lane,prime_share_among_admissible_primes,prime_count_delta_from_mean,is_target_lane
1,1000,402,01,0.402,0.12399753238741518,-3.25,False
7,1000,407,07,0.407,0.1255397902529303,1.75,True
11,1000,406,11,0.406,0.12523133867982728,0.75,False
13,1000,406,13,0.406,0.12523133867982728,0.75,False
17,1000,411,17,0.411,0.12677359654534237,5.75,False
19,1000,395,19,0.395,0.12183837137569402,-10.25,False
23,1000,408,23,0.408,0.12584824182603332,2.75,False
29,1000,407,29,0.407,0.1255397902529303,1.75,False
