lane,residue,laplacian_x,laplacian_y,weighted_degree
01,1,0.40621708275969926,0.5212555949939759,5.70017884782772
07,7,-0.15561456364504195,-0.4600878919131518,5.713407866280869
11,11,-0.04950639173960837,-0.19166308535900234,5.739387611212977
13,13,0.15789349595524185,-0.13755911757183376,5.751040278845771
17,17,0.2248809404290392,0.4364275571559012,5.736226269677008
19,19,-0.6616561400533091,0.24907921221848947,5.664392639129768
23,23,-0.3432099253931872,0.037558073030288575,5.741804837250223
29,29,0.4209955016871663,-0.4550103425546672,5.684675032230993
